Participant_ID,Name,Age,College,State,Event,Date,Score,Feedback
P001,Participant 1,21,ABC College,Texas,Music,2025-04-01,4,Judging was fair.
P002,Participant 2,20,DEF College,Florida,Music,2025-04-05,10,Too crowded.
P003,Participant 3,19,LMN Institute,California,Painting,2025-04-02,8,Will participate again!
P004,Participant 4,23,XYZ University,Illinois,Poetry,2025-04-04,6,Could be better.
P005,Participant 5,25,LMN Institute,California,Drama,2025-04-01,8,Not well managed.
P006,Participant 6,20,LMN Institute,California,Quiz,2025-04-05,10,Great organization!
P007,Participant 7,23,DEF College,Illinois,Debate,2025-04-04,4,Great organization!
P008,Participant 8,24,DEF College,Texas,Singing,2025-04-02,8,Loved the event!
P009,Participant 9,25,ABC College,New York,Music,2025-04-02,5,Loved the event!
P010,Participant 10,22,LMN Institute,Texas,Singing,2025-04-01,10,Not well managed.
P011,Participant 11,19,PQR Academy,California,Quiz,2025-04-01,4,Loved the event!
P012,Participant 12,18,PQR Academy,New York,Fashion Show,2025-04-03,7,Judging was fair.
P013,Participant 13,22,ABC College,Florida,Music,2025-04-01,4,Had lots of fun!
P014,Participant 14,21,ABC College,Illinois,Dance,2025-04-01,9,Great organization!
P015,Participant 15,24,DEF College,Florida,Music,2025-04-05,1,Loved the event!
P016,Participant 16,20,ABC College,Florida,Poetry,2025-04-04,8,Great organization!
P017,Participant 17,20,PQR Academy,Florida,Dance,2025-04-01,9,Enjoyed every moment!
P018,Participant 18,22,XYZ University,Florida,Debate,2025-04-04,9,Judging was fair.
P019,Participant 19,20,LMN Institute,Texas,Quiz,2025-04-03,2,Great organization!
P020,Participant 20,18,ABC College,California,Poetry,2025-04-05,1,Too crowded.
P021,Participant 21,20,DEF College,California,Singing,2025-04-04,4,Great organization!
P022,Participant 22,19,PQR Academy,Illinois,Fashion Show,2025-04-04,7,Amazing experience!
P023,Participant 23,23,DEF College,California,Photography,2025-04-05,4,Amazing experience!
P024,Participant 24,21,DEF College,Florida,Photography,2025-04-02,2,Amazing experience!
P025,Participant 25,19,ABC College,California,Music,2025-04-05,9,Will participate again!
P026,Participant 26,20,PQR Academy,Florida,Poetry,2025-04-02,4,Had lots of fun!
P027,Participant 27,22,XYZ University,Illinois,Quiz,2025-04-01,2,Could be better.
P028,Participant 28,18,PQR Academy,Illinois,Poetry,2025-04-02,4,Amazing experience!
P029,Participant 29,23,PQR Academy,New York,Photography,2025-04-03,2,Not well managed.
P030,Participant 30,20,DEF College,New York,Music,2025-04-02,2,Too crowded.
P031,Participant 31,19,XYZ University,Texas,Painting,2025-04-03,1,Great organization!
P032,Participant 32,18,PQR Academy,Texas,Painting,2025-04-03,5,Will participate again!
P033,Participant 33,24,PQR Academy,New York,Singing,2025-04-04,5,Had lots of fun!
P034,Participant 34,24,ABC College,Texas,Music,2025-04-04,8,Loved the event!
P035,Participant 35,21,LMN Institute,Florida,Drama,2025-04-05,4,Will participate again!
P036,Participant 36,21,DEF College,California,Debate,2025-04-05,9,Great organization!
P037,Participant 37,19,XYZ University,Texas,Painting,2025-04-03,4,Amazing experience!
P038,Participant 38,21,PQR Academy,Florida,Quiz,2025-04-01,4,Judging was fair.
P039,Participant 39,22,LMN Institute,New York,Quiz,2025-04-02,5,Enjoyed every moment!
P040,Participant 40,18,DEF College,New York,Photography,2025-04-02,3,Enjoyed every moment!
P041,Participant 41,25,LMN Institute,Illinois,Fashion Show,2025-04-05,6,Had lots of fun!
P042,Participant 42,21,LMN Institute,Florida,Poetry,2025-04-05,10,Great organization!
P043,Participant 43,22,DEF College,Illinois,Debate,2025-04-02,4,Enjoyed every moment!
P044,Participant 44,18,ABC College,Florida,Singing,2025-04-05,3,Great organization!
P045,Participant 45,25,XYZ University,California,Debate,2025-04-03,9,Too crowded.
P046,Participant 46,24,DEF College,Florida,Fashion Show,2025-04-03,7,Could be better.
P047,Participant 47,21,PQR Academy,California,Poetry,2025-04-01,1,Judging was fair.
P048,Participant 48,25,ABC College,Illinois,Photography,2025-04-01,10,Not well managed.
P049,Participant 49,20,PQR Academy,Illinois,Poetry,2025-04-05,10,Amazing experience!
P050,Participant 50,22,LMN Institute,Illinois,Drama,2025-04-02,6,Great organization!
P051,Participant 51,21,ABC College,New York,Fashion Show,2025-04-01,8,Not well managed.
P052,Participant 52,22,PQR Academy,New York,Painting,2025-04-03,4,Had lots of fun!
P053,Participant 53,25,PQR Academy,Florida,Debate,2025-04-05,9,Judging was fair.
P054,Participant 54,20,PQR Academy,Texas,Quiz,2025-04-03,7,Great organization!
P055,Participant 55,19,PQR Academy,New York,Dance,2025-04-05,9,Too crowded.
P056,Participant 56,23,DEF College,Texas,Debate,2025-04-05,8,Not well managed.
P057,Participant 57,22,ABC College,New York,Drama,2025-04-02,4,Judging was fair.
P058,Participant 58,24,XYZ University,Florida,Photography,2025-04-04,6,Judging was fair.
P059,Participant 59,22,PQR Academy,New York,Drama,2025-04-01,2,Enjoyed every moment!
P060,Participant 60,23,ABC College,Illinois,Fashion Show,2025-04-02,4,Too crowded.
P061,Participant 61,24,DEF College,Florida,Poetry,2025-04-04,1,Could be better.
P062,Participant 62,21,PQR Academy,California,Dance,2025-04-01,4,Not well managed.
P063,Participant 63,18,DEF College,Florida,Photography,2025-04-01,7,Too crowded.
P064,Participant 64,22,XYZ University,Florida,Music,2025-04-04,1,Had lots of fun!
P065,Participant 65,20,PQR Academy,Florida,Painting,2025-04-01,7,Had lots of fun!
P066,Participant 66,18,DEF College,Illinois,Debate,2025-04-01,8,Will participate again!
P067,Participant 67,19,ABC College,California,Drama,2025-04-02,2,Loved the event!
P068,Participant 68,18,XYZ University,Texas,Singing,2025-04-04,6,Enjoyed every moment!
P069,Participant 69,24,LMN Institute,New York,Dance,2025-04-05,2,Amazing experience!
P070,Participant 70,19,XYZ University,California,Painting,2025-04-01,9,Not well managed.
P071,Participant 71,20,ABC College,California,Drama,2025-04-02,2,Too crowded.
P072,Participant 72,21,PQR Academy,Texas,Fashion Show,2025-04-03,9,Had lots of fun!
P073,Participant 73,22,XYZ University,New York,Poetry,2025-04-04,7,Great organization!
P074,Participant 74,25,XYZ University,California,Painting,2025-04-05,3,Had lots of fun!
P075,Participant 75,24,XYZ University,Illinois,Poetry,2025-04-04,10,Enjoyed every moment!
P076,Participant 76,25,DEF College,New York,Fashion Show,2025-04-02,10,Not well managed.
P077,Participant 77,22,ABC College,New York,Music,2025-04-03,6,Too crowded.
P078,Participant 78,24,LMN Institute,California,Quiz,2025-04-05,2,Too crowded.
P079,Participant 79,18,DEF College,New York,Fashion Show,2025-04-02,1,Not well managed.
P080,Participant 80,19,LMN Institute,California,Painting,2025-04-02,8,Could be better.
P081,Participant 81,25,PQR Academy,New York,Photography,2025-04-01,2,Will participate again!
P082,Participant 82,19,LMN Institute,Texas,Music,2025-04-03,8,Amazing experience!
P083,Participant 83,21,ABC College,California,Photography,2025-04-02,7,Great organization!
P084,Participant 84,24,DEF College,New York,Singing,2025-04-01,9,Not well managed.
P085,Participant 85,24,ABC College,Illinois,Poetry,2025-04-04,1,Amazing experience!
P086,Participant 86,19,DEF College,Illinois,Debate,2025-04-05,10,Enjoyed every moment!
P087,Participant 87,23,PQR Academy,New York,Singing,2025-04-01,1,Amazing experience!
P088,Participant 88,24,PQR Academy,Illinois,Poetry,2025-04-03,1,Amazing experience!
P089,Participant 89,22,ABC College,Florida,Fashion Show,2025-04-01,5,Judging was fair.
P090,Participant 90,24,XYZ University,Texas,Dance,2025-04-02,7,Enjoyed every moment!
P091,Participant 91,24,XYZ University,California,Quiz,2025-04-05,6,Too crowded.
P092,Participant 92,25,DEF College,Illinois,Painting,2025-04-04,10,Could be better.
P093,Participant 93,18,PQR Academy,Illinois,Dance,2025-04-02,3,Had lots of fun!
P094,Participant 94,22,LMN Institute,California,Photography,2025-04-02,1,Enjoyed every moment!
P095,Participant 95,23,XYZ University,Texas,Fashion Show,2025-04-01,7,Could be better.
P096,Participant 96,20,PQR Academy,Texas,Photography,2025-04-01,1,Amazing experience!
P097,Participant 97,18,PQR Academy,California,Poetry,2025-04-03,7,Not well managed.
P098,Participant 98,22,ABC College,New York,Drama,2025-04-03,2,Will participate again!
P099,Participant 99,24,PQR Academy,New York,Fashion Show,2025-04-01,7,Could be better.
P100,Participant 100,22,PQR Academy,Texas,Dance,2025-04-05,10,Could be better.
P101,Participant 101,23,ABC College,Texas,Poetry,2025-04-02,1,Could be better.
P102,Participant 102,18,LMN Institute,California,Poetry,2025-04-03,8,Loved the event!
P103,Participant 103,25,ABC College,Florida,Fashion Show,2025-04-04,3,Great organization!
P104,Participant 104,18,PQR Academy,Texas,Music,2025-04-02,3,Great organization!
P105,Participant 105,24,PQR Academy,California,Fashion Show,2025-04-02,1,Judging was fair.
P106,Participant 106,21,PQR Academy,Florida,Quiz,2025-04-05,8,Will participate again!
P107,Participant 107,23,PQR Academy,Texas,Fashion Show,2025-04-03,7,Not well managed.
P108,Participant 108,25,ABC College,New York,Quiz,2025-04-03,4,Not well managed.
P109,Participant 109,25,XYZ University,Texas,Poetry,2025-04-04,5,Loved the event!
P110,Participant 110,20,PQR Academy,Texas,Poetry,2025-04-04,3,Judging was fair.
P111,Participant 111,18,LMN Institute,Texas,Drama,2025-04-05,8,Could be better.
P112,Participant 112,23,XYZ University,New York,Painting,2025-04-04,2,Had lots of fun!
P113,Participant 113,22,PQR Academy,California,Photography,2025-04-05,9,Had lots of fun!
P114,Participant 114,25,DEF College,New York,Painting,2025-04-05,8,Enjoyed every moment!
P115,Participant 115,25,XYZ University,California,Fashion Show,2025-04-05,4,Had lots of fun!
P116,Participant 116,18,LMN Institute,Illinois,Music,2025-04-04,6,Enjoyed every moment!
P117,Participant 117,21,PQR Academy,Texas,Drama,2025-04-01,2,Not well managed.
P118,Participant 118,19,DEF College,Illinois,Fashion Show,2025-04-03,4,Loved the event!
P119,Participant 119,25,PQR Academy,Texas,Fashion Show,2025-04-01,1,Could be better.
P120,Participant 120,18,DEF College,Texas,Poetry,2025-04-04,2,Had lots of fun!
P121,Participant 121,23,PQR Academy,Florida,Painting,2025-04-01,4,Enjoyed every moment!
P122,Participant 122,20,XYZ University,Florida,Painting,2025-04-05,9,Judging was fair.
P123,Participant 123,22,PQR Academy,California,Music,2025-04-01,1,Judging was fair.
P124,Participant 124,25,DEF College,Florida,Drama,2025-04-02,3,Loved the event!
P125,Participant 125,25,DEF College,California,Photography,2025-04-05,10,Not well managed.
P126,Participant 126,23,ABC College,Texas,Photography,2025-04-05,6,Enjoyed every moment!
P127,Participant 127,20,DEF College,Illinois,Photography,2025-04-01,2,Too crowded.
P128,Participant 128,25,DEF College,California,Photography,2025-04-01,6,Not well managed.
P129,Participant 129,22,LMN Institute,Illinois,Debate,2025-04-04,9,Not well managed.
P130,Participant 130,19,ABC College,Texas,Debate,2025-04-03,9,Judging was fair.
P131,Participant 131,21,XYZ University,Texas,Singing,2025-04-04,8,Great organization!
P132,Participant 132,20,LMN Institute,California,Poetry,2025-04-01,10,Too crowded.
P133,Participant 133,22,DEF College,California,Music,2025-04-02,2,Not well managed.
P134,Participant 134,20,XYZ University,New York,Painting,2025-04-03,9,Could be better.
P135,Participant 135,25,DEF College,Illinois,Music,2025-04-04,6,Enjoyed every moment!
P136,Participant 136,23,LMN Institute,Illinois,Quiz,2025-04-03,5,Great organization!
P137,Participant 137,19,LMN Institute,New York,Dance,2025-04-01,4,Could be better.
P138,Participant 138,21,ABC College,Florida,Singing,2025-04-05,3,Enjoyed every moment!
P139,Participant 139,23,XYZ University,Florida,Singing,2025-04-01,7,Loved the event!
P140,Participant 140,22,PQR Academy,Texas,Fashion Show,2025-04-01,10,Judging was fair.
P141,Participant 141,19,ABC College,New York,Poetry,2025-04-01,4,Not well managed.
P142,Participant 142,21,PQR Academy,Florida,Quiz,2025-04-04,8,Could be better.
P143,Participant 143,20,ABC College,Illinois,Debate,2025-04-05,4,Could be better.
P144,Participant 144,19,ABC College,Texas,Painting,2025-04-03,3,Too crowded.
P145,Participant 145,22,LMN Institute,New York,Drama,2025-04-03,3,Not well managed.
P146,Participant 146,22,LMN Institute,New York,Drama,2025-04-02,8,Loved the event!
P147,Participant 147,18,DEF College,California,Drama,2025-04-03,7,Not well managed.
P148,Participant 148,22,DEF College,Texas,Poetry,2025-04-05,1,Will participate again!
P149,Participant 149,18,ABC College,Illinois,Dance,2025-04-04,1,Enjoyed every moment!
P150,Participant 150,21,XYZ University,Illinois,Quiz,2025-04-03,3,Great organization!
P151,Participant 151,19,ABC College,New York,Fashion Show,2025-04-03,2,Amazing experience!
P152,Participant 152,23,XYZ University,Florida,Singing,2025-04-01,1,Too crowded.
P153,Participant 153,21,XYZ University,New York,Singing,2025-04-02,7,Will participate again!
P154,Participant 154,19,DEF College,Texas,Drama,2025-04-03,7,Not well managed.
P155,Participant 155,20,LMN Institute,Florida,Singing,2025-04-02,2,Great organization!
P156,Participant 156,23,DEF College,Texas,Debate,2025-04-02,10,Could be better.
P157,Participant 157,23,XYZ University,Illinois,Quiz,2025-04-02,7,Not well managed.
P158,Participant 158,23,XYZ University,Florida,Fashion Show,2025-04-04,7,Great organization!
P159,Participant 159,19,DEF College,Texas,Singing,2025-04-05,7,Judging was fair.
P160,Participant 160,19,DEF College,Texas,Dance,2025-04-01,6,Had lots of fun!
P161,Participant 161,18,XYZ University,Texas,Quiz,2025-04-03,1,Too crowded.
P162,Participant 162,22,ABC College,Illinois,Poetry,2025-04-04,5,Could be better.
P163,Participant 163,21,LMN Institute,California,Music,2025-04-02,3,Judging was fair.
P164,Participant 164,18,DEF College,New York,Photography,2025-04-05,1,Amazing experience!
P165,Participant 165,21,DEF College,Texas,Debate,2025-04-05,3,Enjoyed every moment!
P166,Participant 166,20,LMN Institute,Illinois,Fashion Show,2025-04-03,3,Had lots of fun!
P167,Participant 167,18,ABC College,Florida,Photography,2025-04-05,3,Great organization!
P168,Participant 168,18,ABC College,Florida,Quiz,2025-04-05,9,Amazing experience!
P169,Participant 169,19,XYZ University,Illinois,Poetry,2025-04-03,4,Great organization!
P170,Participant 170,24,DEF College,California,Debate,2025-04-03,9,Had lots of fun!
P171,Participant 171,20,XYZ University,Texas,Drama,2025-04-02,10,Will participate again!
P172,Participant 172,19,DEF College,Illinois,Drama,2025-04-01,5,Could be better.
P173,Participant 173,20,XYZ University,Texas,Photography,2025-04-05,3,Enjoyed every moment!
P174,Participant 174,23,ABC College,New York,Dance,2025-04-02,8,Loved the event!
P175,Participant 175,25,XYZ University,Florida,Dance,2025-04-04,5,Could be better.
P176,Participant 176,25,ABC College,Texas,Drama,2025-04-03,5,Not well managed.
P177,Participant 177,22,ABC College,Florida,Poetry,2025-04-04,5,Great organization!
P178,Participant 178,25,ABC College,New York,Music,2025-04-03,3,Amazing experience!
P179,Participant 179,18,XYZ University,New York,Singing,2025-04-04,3,Loved the event!
P180,Participant 180,18,DEF College,Texas,Music,2025-04-02,6,Enjoyed every moment!
P181,Participant 181,23,DEF College,Texas,Poetry,2025-04-04,4,Too crowded.
P182,Participant 182,23,PQR Academy,Florida,Singing,2025-04-02,9,Loved the event!
P183,Participant 183,21,DEF College,California,Quiz,2025-04-01,9,Enjoyed every moment!
P184,Participant 184,22,DEF College,New York,Fashion Show,2025-04-05,5,Loved the event!
P185,Participant 185,20,LMN Institute,California,Drama,2025-04-05,8,Enjoyed every moment!
P186,Participant 186,25,LMN Institute,Florida,Photography,2025-04-03,4,Judging was fair.
P187,Participant 187,18,PQR Academy,New York,Photography,2025-04-03,2,Amazing experience!
P188,Participant 188,18,XYZ University,Illinois,Debate,2025-04-05,3,Great organization!
P189,Participant 189,19,XYZ University,Florida,Drama,2025-04-04,1,Not well managed.
P190,Participant 190,20,ABC College,Texas,Painting,2025-04-04,6,Could be better.
P191,Participant 191,19,DEF College,New York,Dance,2025-04-03,10,Loved the event!
P192,Participant 192,19,LMN Institute,California,Dance,2025-04-04,8,Judging was fair.
P193,Participant 193,19,ABC College,California,Music,2025-04-03,6,Could be better.
P194,Participant 194,18,XYZ University,Illinois,Painting,2025-04-04,10,Amazing experience!
P195,Participant 195,25,ABC College,Texas,Singing,2025-04-03,7,Great organization!
P196,Participant 196,19,XYZ University,Illinois,Music,2025-04-02,10,Too crowded.
P197,Participant 197,23,ABC College,New York,Singing,2025-04-02,9,Had lots of fun!
P198,Participant 198,19,XYZ University,Florida,Quiz,2025-04-04,8,Not well managed.
P199,Participant 199,18,PQR Academy,California,Poetry,2025-04-04,6,Enjoyed every moment!
P200,Participant 200,23,PQR Academy,Florida,Dance,2025-04-02,10,Could be better.
P201,Participant 201,24,XYZ University,Florida,Debate,2025-04-03,7,Judging was fair.
P202,Participant 202,24,DEF College,California,Photography,2025-04-01,8,Judging was fair.
P203,Participant 203,18,PQR Academy,New York,Drama,2025-04-03,10,Enjoyed every moment!
P204,Participant 204,19,LMN Institute,Illinois,Painting,2025-04-03,3,Had lots of fun!
P205,Participant 205,24,LMN Institute,California,Music,2025-04-01,2,Could be better.
P206,Participant 206,23,PQR Academy,Florida,Quiz,2025-04-02,5,Had lots of fun!
P207,Participant 207,20,PQR Academy,Florida,Debate,2025-04-02,8,Judging was fair.
P208,Participant 208,22,DEF College,New York,Debate,2025-04-04,10,Not well managed.
P209,Participant 209,25,PQR Academy,Florida,Painting,2025-04-02,5,Great organization!
P210,Participant 210,24,DEF College,California,Music,2025-04-03,3,Amazing experience!
P211,Participant 211,25,ABC College,Florida,Photography,2025-04-04,2,Not well managed.
P212,Participant 212,25,ABC College,New York,Quiz,2025-04-03,3,Enjoyed every moment!
P213,Participant 213,25,DEF College,New York,Fashion Show,2025-04-01,6,Will participate again!
P214,Participant 214,22,LMN Institute,California,Poetry,2025-04-03,6,Not well managed.
P215,Participant 215,19,ABC College,Texas,Drama,2025-04-03,6,Enjoyed every moment!
P216,Participant 216,22,LMN Institute,Illinois,Dance,2025-04-03,1,Could be better.
P217,Participant 217,18,XYZ University,Texas,Photography,2025-04-02,4,Enjoyed every moment!
P218,Participant 218,19,LMN Institute,Florida,Poetry,2025-04-02,6,Could be better.
P219,Participant 219,20,ABC College,Florida,Poetry,2025-04-03,5,Could be better.
P220,Participant 220,19,ABC College,Texas,Fashion Show,2025-04-05,10,Will participate again!
P221,Participant 221,24,DEF College,Illinois,Quiz,2025-04-01,7,Not well managed.
P222,Participant 222,24,XYZ University,Illinois,Dance,2025-04-02,6,Will participate again!
P223,Participant 223,23,ABC College,New York,Debate,2025-04-01,3,Could be better.
P224,Participant 224,21,ABC College,Illinois,Drama,2025-04-03,5,Too crowded.
P225,Participant 225,24,LMN Institute,Florida,Painting,2025-04-03,9,Loved the event!
P226,Participant 226,20,ABC College,Texas,Painting,2025-04-04,10,Could be better.
P227,Participant 227,21,ABC College,Illinois,Debate,2025-04-03,3,Too crowded.
P228,Participant 228,25,PQR Academy,California,Debate,2025-04-02,8,Loved the event!
P229,Participant 229,19,XYZ University,New York,Dance,2025-04-02,4,Amazing experience!
P230,Participant 230,23,XYZ University,Illinois,Quiz,2025-04-01,4,Had lots of fun!
P231,Participant 231,22,PQR Academy,California,Music,2025-04-04,2,Not well managed.
P232,Participant 232,21,LMN Institute,Florida,Music,2025-04-01,4,Enjoyed every moment!
P233,Participant 233,20,PQR Academy,Illinois,Music,2025-04-03,4,Could be better.
P234,Participant 234,24,DEF College,Florida,Debate,2025-04-01,9,Not well managed.
P235,Participant 235,22,LMN Institute,Illinois,Singing,2025-04-02,8,Too crowded.
P236,Participant 236,25,XYZ University,New York,Dance,2025-04-03,9,Loved the event!
P237,Participant 237,19,PQR Academy,Texas,Photography,2025-04-02,1,Judging was fair.
P238,Participant 238,21,LMN Institute,Florida,Debate,2025-04-01,7,Could be better.
P239,Participant 239,24,DEF College,Illinois,Fashion Show,2025-04-04,10,Too crowded.
P240,Participant 240,22,XYZ University,California,Dance,2025-04-02,5,Judging was fair.
P241,Participant 241,23,PQR Academy,Illinois,Singing,2025-04-02,1,Judging was fair.
P242,Participant 242,21,XYZ University,Texas,Painting,2025-04-01,7,Will participate again!
P243,Participant 243,23,LMN Institute,California,Singing,2025-04-02,9,Had lots of fun!
P244,Participant 244,20,XYZ University,California,Singing,2025-04-05,6,Enjoyed every moment!
P245,Participant 245,22,PQR Academy,New York,Painting,2025-04-02,3,Too crowded.
P246,Participant 246,20,ABC College,Florida,Quiz,2025-04-02,6,Will participate again!
P247,Participant 247,19,PQR Academy,California,Poetry,2025-04-01,7,Enjoyed every moment!
P248,Participant 248,22,LMN Institute,California,Painting,2025-04-02,3,Loved the event!
P249,Participant 249,22,PQR Academy,California,Poetry,2025-04-04,4,Great organization!
P250,Participant 250,18,XYZ University,California,Drama,2025-04-03,5,Loved the event!
